{
  "configuraciones": [
    [
      10,
      10,
      10
    ],
    [
      30,
      30,
      30
    ],
    [
      50,
      50,
      50
    ],
    [
      70,
      70,
      70
    ],
    [
      90,
      90,
      90
    ],
    [
      110,
      110,
      110
    ],
    [
      130,
      130,
      130
    ],
    [
      150,
      150,
      150
    ],
    [
      170,
      170,
      170
    ],
    [
      190,
      190,
      190
    ],
    [
      50,
      50,
      10
    ],
    [
      50,
      50,
      30
    ],
    [
      50,
      50,
      50
    ],
    [
      75,
      75,
      10
    ],
    [
      75,
      75,
      30
    ],
    [
      75,
      75,
      50
    ],
    [
      100,
      100,
      10
    ],
    [
      100,
      100,
      30
    ],
    [
      100,
      100,
      50
    ],
    [
      125,
      125,
      10
    ],
    [
      125,
      125,
      30
    ],
    [
      125,
      125,
      50
    ]
  ],
  "valores": [
    1.4105952055849522e-32,
    9.6194941920104e-32,
    3.4446471674609707e-31,
    3.8863210551463122e-31,
    2.3766348211064588e-31,
    1.6959020015103854e-32,
    8.310366516130671e-34,
    3.875650943842431e-34,
    -9.666906733278541e-33,
    -2.4535950442830338e-32,
    1.1873095577432927e-31,
    2.251544707880768e-31,
    3.4446471674609707e-31,
    1.410268470284429e-31,
    2.674351006653429e-31,
    4.091500198783958e-31,
    3.7701536871338757e-32,
    7.149499914999228e-32,
    1.0938048240731941e-31,
    6.522899336915982e-32,
    1.236964647196711e-31,
    1.8924371136409826e-31
  ],
  "estadisticas": {
    "media": 1.4398837553157203e-31,
    "std": 1.342690651477358e-31,
    "min": -2.4535950442830338e-32,
    "max": 4.091500198783958e-31
  }
}